<?xml version="1.0" encoding="UTF-8"?>
<export version="D">
  <design>
    <source>D:/kicad works/ajay/TOUCH SENSOR/T.sch</source>
    <date>09/23/18 14:42:43</date>
    <tool>Eeschema 4.0.5</tool>
    <sheet number="1" name="/" tstamps="/">
      <title_block>
        <title/>
        <company/>
        <rev/>
        <date/>
        <source>T.sch</source>
        <comment number="1" value=""/>
        <comment number="2" value=""/>
        <comment number="3" value=""/>
        <comment number="4" value=""/>
      </title_block>
    </sheet>
  </design>
  <components>
    <comp ref="U1">
      <value>NE555</value>
      <footprint>Buttons_Switches_THT:SW_DIP_x4_W7.62mm_Slide</footprint>
      <libsource lib="linear" part="NE555"/>
      <sheetpath names="/" tstamps="/"/>
      <tstamp>5BA4F7E0</tstamp>
    </comp>
    <comp ref="P2">
      <value>CONN_01X02</value>
      <footprint>Pin_Headers:Pin_Header_Straight_1x02_Pitch2.00mm</footprint>
      <libsource lib="conn" part="CONN_01X02"/>
      <sheetpath names="/" tstamps="/"/>
      <tstamp>5BA4F844</tstamp>
    </comp>
    <comp ref="P1">
      <value>CONN_01X02</value>
      <footprint>Pin_Headers:Pin_Header_Straight_1x02_Pitch2.00mm</footprint>
      <libsource lib="conn" part="CONN_01X02"/>
      <sheetpath names="/" tstamps="/"/>
      <tstamp>5BA4F8BE</tstamp>
    </comp>
    <comp ref="P3">
      <value>CONN_01X02</value>
      <footprint>Pin_Headers:Pin_Header_Straight_1x02_Pitch2.00mm</footprint>
      <libsource lib="conn" part="CONN_01X02"/>
      <sheetpath names="/" tstamps="/"/>
      <tstamp>5BA4F8E4</tstamp>
    </comp>
    <comp ref="D1">
      <value>LED</value>
      <libsource lib="device" part="LED"/>
      <sheetpath names="/" tstamps="/"/>
      <tstamp>5BA75906</tstamp>
    </comp>
    <comp ref="R1">
      <value>R</value>
      <libsource lib="device" part="R"/>
      <sheetpath names="/" tstamps="/"/>
      <tstamp>5BA7595B</tstamp>
    </comp>
    <comp ref="D2">
      <value>LED</value>
      <libsource lib="device" part="LED"/>
      <sheetpath names="/" tstamps="/"/>
      <tstamp>5BA759E8</tstamp>
    </comp>
  </components>
  <libparts>
    <libpart lib="conn" part="CONN_01X02">
      <description>Connector, single row, 01x02</description>
      <footprints>
        <fp>Pin_Header_Straight_1X02</fp>
        <fp>Pin_Header_Angled_1X02</fp>
        <fp>Socket_Strip_Straight_1X02</fp>
        <fp>Socket_Strip_Angled_1X02</fp>
      </footprints>
      <fields>
        <field name="Reference">P</field>
        <field name="Value">CONN_01X02</field>
      </fields>
      <pins>
        <pin num="1" name="P1" type="passive"/>
        <pin num="2" name="P2" type="passive"/>
      </pins>
    </libpart>
    <libpart lib="device" part="LED">
      <description>LED generic</description>
      <footprints>
        <fp>LED*</fp>
      </footprints>
      <fields>
        <field name="Reference">D</field>
        <field name="Value">LED</field>
      </fields>
      <pins>
        <pin num="1" name="K" type="passive"/>
        <pin num="2" name="A" type="passive"/>
      </pins>
    </libpart>
    <libpart lib="linear" part="LM555N">
      <aliases>
        <alias>NE555</alias>
      </aliases>
      <description>555-series timer IC</description>
      <docs>ns/lm555.pdf</docs>
      <footprints>
        <fp>DIP*</fp>
        <fp>TSSOP*</fp>
        <fp>SOIC*</fp>
      </footprints>
      <fields>
        <field name="Reference">U</field>
        <field name="Value">LM555N</field>
      </fields>
      <pins>
        <pin num="1" name="GND" type="power_in"/>
        <pin num="2" name="TR" type="input"/>
        <pin num="3" name="Q" type="output"/>
        <pin num="4" name="R" type="input"/>
        <pin num="5" name="CV" type="input"/>
        <pin num="6" name="THR" type="input"/>
        <pin num="7" name="DIS" type="input"/>
        <pin num="8" name="VCC" type="power_in"/>
      </pins>
    </libpart>
    <libpart lib="device" part="R">
      <description>Resistor</description>
      <footprints>
        <fp>R_*</fp>
        <fp>Resistor_*</fp>
      </footprints>
      <fields>
        <field name="Reference">R</field>
        <field name="Value">R</field>
      </fields>
      <pins>
        <pin num="1" name="~" type="passive"/>
        <pin num="2" name="~" type="passive"/>
      </pins>
    </libpart>
  </libparts>
  <libraries>
    <library logical="device">
      <uri>E:\kikad\KiCad\share\kicad\library\device.lib</uri>
    </library>
    <library logical="conn">
      <uri>E:\kikad\KiCad\share\kicad\library\conn.lib</uri>
    </library>
    <library logical="linear">
      <uri>E:\kikad\KiCad\share\kicad\library\linear.lib</uri>
    </library>
  </libraries>
  <nets>
    <net code="1" name="Net-(P2-Pad2)">
      <node ref="U1" pin="6"/>
      <node ref="P2" pin="2"/>
    </net>
    <net code="2" name="Net-(P1-Pad2)">
      <node ref="P1" pin="2"/>
      <node ref="U1" pin="2"/>
    </net>
    <net code="3" name="Net-(D1-Pad1)">
      <node ref="D1" pin="1"/>
      <node ref="U1" pin="3"/>
    </net>
    <net code="4" name="Net-(D2-Pad2)">
      <node ref="R1" pin="2"/>
      <node ref="D2" pin="2"/>
    </net>
    <net code="5" name="VCC">
      <node ref="P2" pin="1"/>
      <node ref="P3" pin="1"/>
      <node ref="D1" pin="2"/>
      <node ref="U1" pin="8"/>
      <node ref="R1" pin="1"/>
    </net>
    <net code="6" name="Net-(U1-Pad4)">
      <node ref="U1" pin="4"/>
    </net>
    <net code="7" name="Net-(U1-Pad5)">
      <node ref="U1" pin="5"/>
    </net>
    <net code="8" name="Net-(U1-Pad7)">
      <node ref="U1" pin="7"/>
    </net>
    <net code="9" name="GND">
      <node ref="D2" pin="1"/>
      <node ref="P1" pin="1"/>
      <node ref="P3" pin="2"/>
      <node ref="U1" pin="1"/>
    </net>
  </nets>
</export>
